Format is tab separated raft settings.
_Name                          	Value
WindowPosition	700+0
Open File for Raft	
Activate Raft	True
Add Raft, Elevate Nozzle, Orbit:	False
Base Feed Rate Multiplier (ratio):	0.7
Base Flow Rate Multiplier (ratio):	1.0
Base Infill Density (ratio):	0.4
Base Layer Thickness over Layer Thickness:	2.0
Base Layers (integer):	1
Base Nozzle Lift over Base Layer Thickness (ratio):	0.8
Initial Circling:	False
Infill Overhang over Extrusion Width (ratio):	0.05
Interface Feed Rate Multiplier (ratio):	1.5
Interface Flow Rate Multiplier (ratio):	0.8
Interface Infill Density (ratio):	0.3
Interface Layer Thickness over Layer Thickness:	0.7
Interface Layers (integer):	2
Interface Nozzle Lift over Interface Layer Thickness (ratio):	0.2
Name of Support End File:	
Name of Support Start File:	
Object First Layer Feed Rate Infill Multiplier (ratio):	0.3
Object First Layer Feed Rate Perimeter Multiplier (ratio):	0.3
Object First Layer Flow Rate Infill Multiplier (ratio):	0.2
Object First Layer Flow Rate Perimeter Multiplier (ratio):	0.25
Operating Nozzle Lift over Layer Thickness (ratio):	0.1
Raft Additional Margin over Length (%):	1.2
Raft Margin (mm):	4.0
Support Cross Hatch	False
Support Flow Rate over Operating Flow Rate (ratio):	0.8
Support Gap over Perimeter Extrusion Width (ratio):	0.005
None	False
Empty Layers Only	False
Everywhere	True
Exterior Only	False
Support Minimum Angle (degrees):	35.0
